0,6.31041e-01,1.62413e+01,2.89516e+00,2.61560e+00,2.84942e+00,2.72659e+00,2.49545e+00,2.97462e+00,2.83303e+00,2.90671e+00,2.77353e+00,2.62357e+00
5,6.31041e-01,1.61244e+01,2.88054e+00,2.59864e+00,2.75288e+00,2.68306e+00,2.48239e+00,3.00520e+00,2.82871e+00,2.88391e+00,2.71095e+00,2.62206e+00
10,6.31041e-01,1.60436e+01,2.85799e+00,2.59413e+00,2.69206e+00,2.69306e+00,2.46482e+00,2.98307e+00,2.82690e+00,2.88167e+00,2.67438e+00,2.60214e+00
15,6.31041e-01,1.59076e+01,2.81748e+00,2.58990e+00,2.68521e+00,2.71171e+00,2.45356e+00,2.95254e+00,2.82847e+00,2.87244e+00,2.67005e+00,2.58430e+00
20,6.31041e-01,1.59020e+01,2.80529e+00,2.58556e+00,2.69919e+00,2.69437e+00,2.44457e+00,2.94449e+00,2.82986e+00,2.86603e+00,2.68187e+00,2.57243e+00
25,6.31041e-01,1.58925e+01,2.81176e+00,2.57644e+00,2.73220e+00,2.67528e+00,2.44175e+00,2.92782e+00,2.83488e+00,2.86335e+00,2.68624e+00,2.56755e+00
30,6.31041e-01,1.58293e+01,2.79723e+00,2.56862e+00,2.75807e+00,2.65124e+00,2.44050e+00,2.90152e+00,2.84182e+00,2.86021e+00,2.68377e+00,2.56405e+00
35,6.31041e-01,1.58255e+01,2.79011e+00,2.57709e+00,2.77196e+00,2.63787e+00,2.43854e+00,2.86424e+00,2.83210e+00,2.85447e+00,2.68692e+00,2.56744e+00
40,6.31041e-01,1.58067e+01,2.77929e+00,2.58715e+00,2.77344e+00,2.63735e+00,2.44119e+00,2.85029e+00,2.81065e+00,2.84181e+00,2.67386e+00,2.56950e+00
45,6.31041e-01,1.58023e+01,2.76482e+00,2.59711e+00,2.76793e+00,2.64217e+00,2.44512e+00,2.85034e+00,2.79490e+00,2.83787e+00,2.65367e+00,2.56760e+00
50,6.31041e-01,1.57761e+01,2.75579e+00,2.59556e+00,2.78804e+00,2.65519e+00,2.44672e+00,2.85105e+00,2.78815e+00,2.83275e+00,2.64015e+00,2.55359e+00
55,6.31041e-01,1.57878e+01,2.76253e+00,2.57821e+00,2.79611e+00,2.65185e+00,2.44628e+00,2.83943e+00,2.78753e+00,2.82164e+00,2.63753e+00,2.54322e+00
60,6.31041e-01,1.57877e+01,2.76633e+00,2.57323e+00,2.78343e+00,2.65919e+00,2.44800e+00,2.82083e+00,2.77316e+00,2.80479e+00,2.63648e+00,2.54106e+00
65,6.31041e-01,1.57859e+01,2.76955e+00,2.58083e+00,2.77881e+00,2.67023e+00,2.45078e+00,2.81007e+00,2.76442e+00,2.78750e+00,2.63746e+00,2.53982e+00
70,6.31041e-01,1.58381e+01,2.77688e+00,2.59660e+00,2.75368e+00,2.66686e+00,2.45340e+00,2.79497e+00,2.75730e+00,2.77561e+00,2.63120e+00,2.53747e+00
75,6.31041e-01,1.58641e+01,2.78453e+00,2.59309e+00,2.72942e+00,2.67718e+00,2.45286e+00,2.78293e+00,2.75181e+00,2.77571e+00,2.63513e+00,2.53047e+00
80,6.31041e-01,1.58841e+01,2.78835e+00,2.58970e+00,2.71318e+00,2.68031e+00,2.44860e+00,2.78744e+00,2.77435e+00,2.78035e+00,2.65331e+00,2.53301e+00
85,6.31041e-01,1.58807e+01,2.78473e+00,2.58900e+00,2.70488e+00,2.67484e+00,2.44686e+00,2.81136e+00,2.78110e+00,2.78431e+00,2.68280e+00,2.53849e+00
90,6.31041e-01,1.58695e+01,2.78163e+00,2.59210e+00,2.70565e+00,2.69197e+00,2.44793e+00,2.85414e+00,2.77483e+00,2.77038e+00,2.69557e+00,2.54335e+00
95,6.31041e-01,1.58147e+01,2.76504e+00,2.59513e+00,2.71368e+00,2.69479e+00,2.44706e+00,2.88740e+00,2.78479e+00,2.75038e+00,2.71056e+00,2.53821e+00
100,6.31041e-01,1.57523e+01,2.74905e+00,2.59100e+00,2.72431e+00,2.69056e+00,2.44728e+00,2.92012e+00,2.76173e+00,2.75268e+00,2.70155e+00,2.52489e+00
105,6.31041e-01,1.57295e+01,2.74252e+00,2.58086e+00,2.73937e+00,2.66566e+00,2.44603e+00,2.91032e+00,2.76181e+00,2.75841e+00,2.68839e+00,2.52283e+00
110,6.31041e-01,1.57040e+01,2.73018e+00,2.57199e+00,2.76834e+00,2.65735e+00,2.44574e+00,2.88325e+00,2.76619e+00,2.76074e+00,2.67916e+00,2.52752e+00
115,6.31041e-01,1.56999e+01,2.72456e+00,2.56068e+00,2.74880e+00,2.64701e+00,2.45034e+00,2.85410e+00,2.77774e+00,2.75922e+00,2.67443e+00,2.53501e+00
120,6.31041e-01,1.56984e+01,2.71948e+00,2.55491e+00,2.73548e+00,2.63499e+00,2.45413e+00,2.81677e+00,2.79848e+00,2.76390e+00,2.67352e+00,2.54387e+00
125,6.31041e-01,1.56947e+01,2.71632e+00,2.56261e+00,2.73696e+00,2.62904e+00,2.45341e+00,2.77034e+00,2.80678e+00,2.77851e+00,2.64983e+00,2.55010e+00
130,6.31041e-01,1.56930e+01,2.71656e+00,2.56726e+00,2.74031e+00,2.63838e+00,2.45343e+00,2.75771e+00,2.81238e+00,2.78865e+00,2.64660e+00,2.54892e+00
135,6.31041e-01,1.56948e+01,2.72039e+00,2.56429e+00,2.73819e+00,2.64468e+00,2.45225e+00,2.76035e+00,2.82578e+00,2.79124e+00,2.64080e+00,2.53352e+00
140,6.31041e-01,1.56811e+01,2.71732e+00,2.56854e+00,2.72824e+00,2.64464e+00,2.45228e+00,2.77720e+00,2.82659e+00,2.78422e+00,2.64873e+00,2.53009e+00
145,6.31041e-01,1.56775e+01,2.71555e+00,2.57875e+00,2.71239e+00,2.64011e+00,2.45030e+00,2.79304e+00,2.81985e+00,2.77474e+00,2.66195e+00,2.53574e+00
150,6.31041e-01,1.56733e+01,2.71391e+00,2.57677e+00,2.70537e+00,2.63132e+00,2.44636e+00,2.80403e+00,2.81470e+00,2.77368e+00,2.66241e+00,2.53605e+00
155,6.31041e-01,1.56832e+01,2.72034e+00,2.57450e+00,2.70463e+00,2.62744e+00,2.44478e+00,2.81017e+00,2.80745e+00,2.77949e+00,2.65319e+00,2.55018e+00
160,6.31041e-01,1.56826e+01,2.71942e+00,2.57779e+00,2.70360e+00,2.62570e+00,2.44368e+00,2.78706e+00,2.79668e+00,2.76885e+00,2.63561e+00,2.55209e+00
165,6.31041e-01,1.56996e+01,2.72827e+00,2.59672e+00,2.70039e+00,2.61769e+00,2.44989e+00,2.78187e+00,2.79716e+00,2.75881e+00,2.61876e+00,2.53846e+00
170,6.31041e-01,1.57295e+01,2.74549e+00,2.61531e+00,2.69479e+00,2.61353e+00,2.45383e+00,2.79222e+00,2.78944e+00,2.76471e+00,2.60333e+00,2.53404e+00
175,6.31041e-01,1.57407e+01,2.75278e+00,2.61584e+00,2.69373e+00,2.61658e+00,2.45293e+00,2.80070e+00,2.78205e+00,2.77156e+00,2.59594e+00,2.54269e+00
180,6.31041e-01,1.57461e+01,2.75429e+00,2.60875e+00,2.70173e+00,2.61694e+00,2.44904e+00,2.82154e+00,2.76577e+00,2.77028e+00,2.59492e+00,2.53834e+00
185,6.31041e-01,1.57544e+01,2.75738e+00,2.60293e+00,2.72649e+00,2.60563e+00,2.44384e+00,2.86219e+00,2.75451e+00,2.76992e+00,2.59596e+00,2.55180e+00
190,6.31041e-01,1.57464e+01,2.75332e+00,2.58428e+00,2.73664e+00,2.59177e+00,2.44093e+00,2.87289e+00,2.75453e+00,2.77265e+00,2.58978e+00,2.56804e+00
195,6.31041e-01,1.57542e+01,2.75518e+00,2.56985e+00,2.73555e+00,2.59643e+00,2.44646e+00,2.88797e+00,2.75720e+00,2.78773e+00,2.60237e+00,2.56787e+00
200,6.31041e-01,1.57509e+01,2.75012e+00,2.56228e+00,2.74382e+00,2.60143e+00,2.45473e+00,2.89769e+00,2.75972e+00,2.80211e+00,2.62725e+00,2.56623e+00
205,6.31041e-01,1.57937e+01,2.75955e+00,2.55871e+00,2.74422e+00,2.59865e+00,2.45764e+00,2.88077e+00,2.76785e+00,2.80397e+00,2.64383e+00,2.55506e+00
210,6.31041e-01,1.58336e+01,2.77424e+00,2.57184e+00,2.75173e+00,2.60243e+00,2.45532e+00,2.85493e+00,2.76652e+00,2.80739e+00,2.65323e+00,2.54735e+00
215,6.31041e-01,1.58577e+01,2.78898e+00,2.57583e+00,2.76383e+00,2.61351e+00,2.45428e+00,2.84482e+00,2.76969e+00,2.81014e+00,2.65792e+00,2.53530e+00
220,6.31041e-01,1.58021e+01,2.77897e+00,2.58370e+00,2.77801e+00,2.62450e+00,2.45293e+00,2.83161e+00,2.77282e+00,2.79432e+00,2.65946e+00,2.51947e+00
225,6.31041e-01,1.57445e+01,2.76466e+00,2.57391e+00,2.79232e+00,2.63768e+00,2.44704e+00,2.81910e+00,2.76520e+00,2.77633e+00,2.65884e+00,2.52044e+00
230,6.31041e-01,1.57088e+01,2.74971e+00,2.56166e+00,2.80529e+00,2.66774e+00,2.43812e+00,2.84507e+00,2.75312e+00,2.76387e+00,2.65859e+00,2.51945e+00
235,6.31041e-01,1.57074e+01,2.75738e+00,2.56657e+00,2.80367e+00,2.68345e+00,2.43322e+00,2.85697e+00,2.74968e+00,2.74671e+00,2.66100e+00,2.51469e+00
240,6.31041e-01,1.57061e+01,2.74817e+00,2.55336e+00,2.79814e+00,2.67832e+00,2.43423e+00,2.84762e+00,2.76795e+00,2.75025e+00,2.67662e+00,2.51783e+00
245,6.31041e-01,1.57319e+01,2.75673e+00,2.54651e+00,2.79434e+00,2.66719e+00,2.44260e+00,2.83572e+00,2.79345e+00,2.76612e+00,2.66628e+00,2.52913e+00
250,6.31041e-01,1.57187e+01,2.75440e+00,2.55210e+00,2.78452e+00,2.65662e+00,2.44682e+00,2.82995e+00,2.80324e+00,2.77853e+00,2.64849e+00,2.53501e+00
255,6.31041e-01,1.57066e+01,2.73520e+00,2.55854e+00,2.76199e+00,2.65990e+00,2.45049e+00,2.82361e+00,2.78362e+00,2.79052e+00,2.63524e+00,2.53930e+00
260,6.31041e-01,1.56943e+01,2.71786e+00,2.57292e+00,2.74971e+00,2.66990e+00,2.44641e+00,2.84371e+00,2.77653e+00,2.77855e+00,2.63239e+00,2.53295e+00
265,6.31041e-01,1.57059e+01,2.72334e+00,2.59261e+00,2.75412e+00,2.68000e+00,2.43990e+00,2.82998e+00,2.77771e+00,2.76694e+00,2.63402e+00,2.54232e+00
270,6.31041e-01,1.57282e+01,2.73823e+00,2.60252e+00,2.76465e+00,2.67246e+00,2.43794e+00,2.83019e+00,2.75773e+00,2.75473e+00,2.64032e+00,2.55209e+00
275,6.31041e-01,1.57744e+01,2.76499e+00,2.59198e+00,2.76347e+00,2.64902e+00,2.43680e+00,2.82143e+00,2.74332e+00,2.74191e+00,2.64698e+00,2.54354e+00
280,6.31041e-01,1.57638e+01,2.76096e+00,2.57464e+00,2.77253e+00,2.62926e+00,2.44376e+00,2.82479e+00,2.74033e+00,2.73835e+00,2.65607e+00,2.53527e+00
285,6.31041e-01,1.57280e+01,2.74244e+00,2.57861e+00,2.78202e+00,2.63817e+00,2.45278e+00,2.84797e+00,2.75666e+00,2.74037e+00,2.68193e+00,2.54347e+00
290,6.31041e-01,1.57139e+01,2.73390e+00,2.58377e+00,2.77052e+00,2.65539e+00,2.46362e+00,2.88282e+00,2.76963e+00,2.77550e+00,2.69178e+00,2.55367e+00
295,6.31041e-01,1.57101e+01,2.73073e+00,2.57893e+00,2.75853e+00,2.67152e+00,2.47236e+00,2.91227e+00,2.78214e+00,2.79810e+00,2.71296e+00,2.55946e+00
300,6.31041e-01,1.57027e+01,2.72857e+00,2.58332e+00,2.73848e+00,2.66746e+00,2.47354e+00,2.94859e+00,2.78456e+00,2.81066e+00,2.70559e+00,2.55290e+00
305,6.31041e-01,1.56792e+01,2.71777e+00,2.59888e+00,2.73306e+00,2.65483e+00,2.46533e+00,2.96975e+00,2.78121e+00,2.80011e+00,2.68984e+00,2.54625e+00
310,6.31041e-01,1.56616e+01,2.70798e+00,2.59770e+00,2.73144e+00,2.66650e+00,2.45868e+00,3.02224e+00,2.78279e+00,2.79473e+00,2.64900e+00,2.53660e+00
315,6.31041e-01,1.56675e+01,2.71076e+00,2.57974e+00,2.72396e+00,2.68137e+00,2.45784e+00,3.01745e+00,2.78021e+00,2.79902e+00,2.62356e+00,2.53528e+00
320,6.31041e-01,1.56712e+01,2.71399e+00,2.56419e+00,2.72284e+00,2.68734e+00,2.45786e+00,2.99148e+00,2.76306e+00,2.77296e+00,2.64395e+00,2.54001e+00
325,6.31041e-01,1.56689e+01,2.71460e+00,2.55967e+00,2.72090e+00,2.66873e+00,2.45888e+00,2.98122e+00,2.76803e+00,2.75319e+00,2.67598e+00,2.54981e+00
330,6.31041e-01,1.56641e+01,2.71096e+00,2.55791e+00,2.74637e+00,2.64426e+00,2.46429e+00,2.97456e+00,2.76364e+00,2.75939e+00,2.69186e+00,2.53855e+00
335,6.31041e-01,1.56380e+01,2.69322e+00,2.55472e+00,2.78823e+00,2.62951e+00,2.46197e+00,2.97010e+00,2.78349e+00,2.76220e+00,2.72143e+00,2.52195e+00
340,6.31041e-01,1.56261e+01,2.68474e+00,2.55580e+00,2.81959e+00,2.63891e+00,2.45649e+00,2.95896e+00,2.80134e+00,2.77032e+00,2.73456e+00,2.51037e+00
345,6.31041e-01,1.56143e+01,2.67512e+00,2.55469e+00,2.84229e+00,2.65369e+00,2.45585e+00,2.96511e+00,2.80402e+00,2.78188e+00,2.72781e+00,2.51239e+00
350,6.31041e-01,1.56432e+01,2.69259e+00,2.56516e+00,2.83909e+00,2.64299e+00,2.45666e+00,2.97264e+00,2.77553e+00,2.77196e+00,2.71994e+00,2.52245e+00
355,6.31041e-01,1.56836e+01,2.71442e+00,2.58802e+00,2.81040e+00,2.63232e+00,2.45185e+00,2.97312e+00,2.75961e+00,2.77488e+00,2.70718e+00,2.54516e+00
360,6.31041e-01,1.57348e+01,2.74138e+00,2.60549e+00,2.79477e+00,2.63274e+00,2.44389e+00,2.95368e+00,2.74099e+00,2.78054e+00,2.67336e+00,2.55432e+00
365,6.31041e-01,1.57705e+01,2.76374e+00,2.61928e+00,2.76636e+00,2.64577e+00,2.44362e+00,2.93362e+00,2.76007e+00,2.76077e+00,2.66938e+00,2.55474e+00
370,6.31041e-01,1.57784e+01,2.76924e+00,2.62310e+00,2.73456e+00,2.65278e+00,2.44784e+00,2.91209e+00,2.77289e+00,2.74660e+00,2.67711e+00,2.55625e+00
375,6.31041e-01,1.57743e+01,2.76207e+00,2.59263e+00,2.72859e+00,2.67157e+00,2.45078e+00,2.89707e+00,2.78513e+00,2.74964e+00,2.69274e+00,2.56294e+00
380,6.31041e-01,1.57576e+01,2.75012e+00,2.58805e+00,2.74449e+00,2.68150e+00,2.44438e+00,2.91011e+00,2.78415e+00,2.74716e+00,2.71173e+00,2.58256e+00
385,6.31041e-01,1.57305e+01,2.73662e+00,2.57687e+00,2.75861e+00,2.67563e+00,2.43944e+00,2.91233e+00,2.77866e+00,2.75416e+00,2.71512e+00,2.60129e+00
390,6.31041e-01,1.57417e+01,2.73975e+00,2.56332e+00,2.75513e+00,2.66818e+00,2.43944e+00,2.91666e+00,2.74950e+00,2.74680e+00,2.71297e+00,2.59895e+00
395,6.31041e-01,1.57691e+01,2.75444e+00,2.56481e+00,2.73727e+00,2.65832e+00,2.44155e+00,2.91828e+00,2.72156e+00,2.74586e+00,2.69943e+00,2.57622e+00
400,6.31041e-01,1.58089e+01,2.77533e+00,2.57384e+00,2.71102e+00,2.64173e+00,2.44951e+00,2.89997e+00,2.73437e+00,2.73926e+00,2.67743e+00,2.56406e+00
405,6.31041e-01,1.58272e+01,2.78233e+00,2.58693e+00,2.69233e+00,2.62785e+00,2.45505e+00,2.89160e+00,2.74587e+00,2.71318e+00,2.65395e+00,2.54767e+00
410,6.31041e-01,1.58119e+01,2.78188e+00,2.60434e+00,2.66861e+00,2.64188e+00,2.46285e+00,2.88059e+00,2.73922e+00,2.69621e+00,2.63685e+00,2.52080e+00
415,6.31041e-01,1.57813e+01,2.78009e+00,2.61036e+00,2.67344e+00,2.65009e+00,2.46996e+00,2.84880e+00,2.73321e+00,2.70011e+00,2.63738e+00,2.49649e+00
420,6.31041e-01,1.57253e+01,2.75707e+00,2.61895e+00,2.69379e+00,2.67095e+00,2.46692e+00,2.82048e+00,2.74428e+00,2.72391e+00,2.65559e+00,2.49433e+00
425,6.31041e-01,1.57392e+01,2.75347e+00,2.59868e+00,2.70175e+00,2.67524e+00,2.45922e+00,2.78805e+00,2.73884e+00,2.75391e+00,2.67516e+00,2.49808e+00
430,6.31041e-01,1.57390e+01,2.74025e+00,2.58210e+00,2.71836e+00,2.68086e+00,2.45361e+00,2.78513e+00,2.75241e+00,2.77417e+00,2.68004e+00,2.52455e+00
435,6.31041e-01,1.57116e+01,2.72678e+00,2.57515e+00,2.73054e+00,2.68426e+00,2.45058e+00,2.78318e+00,2.73395e+00,2.80078e+00,2.67596e+00,2.55367e+00
440,6.31041e-01,1.56889e+01,2.71643e+00,2.55460e+00,2.75056e+00,2.70896e+00,2.45552e+00,2.78000e+00,2.73572e+00,2.82381e+00,2.67472e+00,2.56951e+00
445,6.31041e-01,1.56774e+01,2.70735e+00,2.54822e+00,2.76523e+00,2.73185e+00,2.46325e+00,2.80219e+00,2.75058e+00,2.84765e+00,2.67028e+00,2.57011e+00
450,6.31041e-01,1.57138e+01,2.72743e+00,2.54407e+00,2.77382e+00,2.71132e+00,2.47869e+00,2.83334e+00,2.75648e+00,2.84648e+00,2.66751e+00,2.56423e+00
455,6.31041e-01,1.57784e+01,2.76448e+00,2.55214e+00,2.76507e+00,2.68546e+00,2.48509e+00,2.84852e+00,2.78914e+00,2.81539e+00,2.66044e+00,2.55086e+00
460,6.31041e-01,1.58224e+01,2.78836e+00,2.56145e+00,2.78293e+00,2.66237e+00,2.48865e+00,2.86319e+00,2.80659e+00,2.78824e+00,2.67675e+00,2.52875e+00
465,6.31041e-01,1.57875e+01,2.77513e+00,2.56246e+00,2.80154e+00,2.66047e+00,2.48037e+00,2.88581e+00,2.79287e+00,2.76542e+00,2.69206e+00,2.52950e+00
470,6.31041e-01,1.57329e+01,2.74900e+00,2.56680e+00,2.81202e+00,2.64968e+00,2.48531e+00,2.86927e+00,2.80751e+00,2.76023e+00,2.70690e+00,2.53472e+00
475,6.31041e-01,1.56962e+01,2.72600e+00,2.57726e+00,2.79927e+00,2.65307e+00,2.48281e+00,2.84910e+00,2.80928e+00,2.77471e+00,2.69960e+00,2.53566e+00
480,6.31041e-01,1.56804e+01,2.71285e+00,2.58160e+00,2.78448e+00,2.65614e+00,2.47612e+00,2.83898e+00,2.80145e+00,2.78814e+00,2.67887e+00,2.54208e+00
485,6.31041e-01,1.56968e+01,2.71703e+00,2.58722e+00,2.74823e+00,2.64469e+00,2.47044e+00,2.82440e+00,2.79270e+00,2.82210e+00,2.65871e+00,2.54987e+00
490,6.31041e-01,1.57016e+01,2.72413e+00,2.58112e+00,2.72700e+00,2.63565e+00,2.46394e+00,2.82383e+00,2.79933e+00,2.83064e+00,2.65454e+00,2.55409e+00
495,6.31041e-01,1.57643e+01,2.75797e+00,2.57389e+00,2.70705e+00,2.62577e+00,2.46274e+00,2.83817e+00,2.78145e+00,2.85188e+00,2.65004e+00,2.56085e+00
500,6.31041e-01,1.58525e+01,2.80028e+00,2.56418e+00,2.68349e+00,2.63040e+00,2.46174e+00,2.84436e+00,2.79224e+00,2.84632e+00,2.64153e+00,2.55786e+00
505,6.31041e-01,1.59331e+01,2.83786e+00,2.56384e+00,2.67517e+00,2.62886e+00,2.45727e+00,2.83833e+00,2.80640e+00,2.80326e+00,2.65595e+00,2.54319e+00
510,6.31041e-01,1.59529e+01,2.84668e+00,2.57675e+00,2.67838e+00,2.62693e+00,2.45444e+00,2.83077e+00,2.79683e+00,2.76329e+00,2.68007e+00,2.54037e+00
515,6.31041e-01,1.58613e+01,2.82659e+00,2.58235e+00,2.68292e+00,2.64070e+00,2.44869e+00,2.81807e+00,2.79756e+00,2.76479e+00,2.70121e+00,2.54000e+00
520,6.31041e-01,1.58111e+01,2.80245e+00,2.57183e+00,2.69058e+00,2.67810e+00,2.44639e+00,2.78629e+00,2.81697e+00,2.76228e+00,2.73283e+00,2.53232e+00
525,6.31041e-01,1.57833e+01,2.75685e+00,2.56677e+00,2.69966e+00,2.68901e+00,2.44979e+00,2.76743e+00,2.83177e+00,2.76661e+00,2.70499e+00,2.51885e+00
530,6.31041e-01,1.56952e+01,2.71156e+00,2.57187e+00,2.74131e+00,2.68840e+00,2.45792e+00,2.76740e+00,2.83730e+00,2.77903e+00,2.67725e+00,2.51514e+00
535,6.31041e-01,1.56382e+01,2.68708e+00,2.57339e+00,2.84529e+00,2.71715e+00,2.47329e+00,2.78439e+00,2.81204e+00,2.79683e+00,2.68091e+00,2.51275e+00
540,6.31041e-01,1.56298e+01,2.68213e+00,2.58121e+00,2.94619e+00,2.73788e+00,2.48495e+00,2.81613e+00,2.80441e+00,2.82985e+00,2.67234e+00,2.50896e+00
545,6.31041e-01,1.56675e+01,2.71000e+00,2.59035e+00,3.06240e+00,2.73764e+00,2.49091e+00,2.85002e+00,2.80653e+00,2.83852e+00,2.65204e+00,2.51853e+00
550,6.31041e-01,1.56998e+01,2.73183e+00,2.58704e+00,3.07015e+00,2.73354e+00,2.47443e+00,2.85052e+00,2.84330e+00,2.83456e+00,2.64239e+00,2.53314e+00
555,6.31041e-01,1.57304e+01,2.74962e+00,2.57612e+00,3.03865e+00,2.77972e+00,2.47504e+00,2.83806e+00,2.87542e+00,2.83265e+00,2.65237e+00,2.53688e+00
560,6.31041e-01,1.57468e+01,2.75731e+00,2.57339e+00,3.01432e+00,2.79632e+00,2.48949e+00,2.83399e+00,2.85834e+00,2.79766e+00,2.65038e+00,2.52724e+00
565,6.31041e-01,1.57884e+01,2.77592e+00,2.57298e+00,2.97881e+00,2.80543e+00,2.50448e+00,2.82704e+00,2.81848e+00,2.77637e+00,2.63524e+00,2.52195e+00
570,6.31041e-01,1.58208e+01,2.79079e+00,2.58046e+00,2.94191e+00,2.79236e+00,2.50413e+00,2.83196e+00,2.81328e+00,2.78510e+00,2.62939e+00,2.54021e+00
575,6.31041e-01,1.57993e+01,2.78039e+00,2.58027e+00,2.90849e+00,2.76607e+00,2.49223e+00,2.82796e+00,2.81614e+00,2.79576e+00,2.63222e+00,2.54486e+00
580,6.31041e-01,1.57599e+01,2.76180e+00,2.57064e+00,2.87559e+00,2.73036e+00,2.47412e+00,2.83079e+00,2.80406e+00,2.79892e+00,2.64083e+00,2.54159e+00
585,6.31041e-01,1.57456e+01,2.75186e+00,2.56272e+00,2.82105e+00,2.71792e+00,2.46141e+00,2.82895e+00,2.78806e+00,2.78008e+00,2.66626e+00,2.53860e+00
590,6.31041e-01,1.57657e+01,2.76000e+00,2.55698e+00,2.75919e+00,2.68787e+00,2.45032e+00,2.81747e+00,2.76667e+00,2.75362e+00,2.69036e+00,2.53115e+00
595,6.31041e-01,1.57530e+01,2.75064e+00,2.56070e+00,2.71300e+00,2.64689e+00,2.44581e+00,2.81747e+00,2.74501e+00,2.75364e+00,2.70862e+00,2.53133e+00
600,6.31041e-01,1.57497e+01,2.74994e+00,2.55262e+00,2.68082e+00,2.61664e+00,2.44708e+00,2.83415e+00,2.73501e+00,2.76015e+00,2.70049e+00,2.53375e+00
605,6.31041e-01,1.57710e+01,2.75881e+00,2.54428e+00,2.66286e+00,2.60992e+00,2.45103e+00,2.83490e+00,2.72514e+00,2.77714e+00,2.65943e+00,2.54191e+00
610,6.31041e-01,1.57707e+01,2.76278e+00,2.54847e+00,2.65410e+00,2.58833e+00,2.45571e+00,2.83072e+00,2.71512e+00,2.77960e+00,2.63489e+00,2.55238e+00
615,6.31041e-01,1.57756e+01,2.77049e+00,2.54807e+00,2.67759e+00,2.58397e+00,2.45553e+00,2.81205e+00,2.71515e+00,2.78256e+00,2.61650e+00,2.55721e+00
620,6.31041e-01,1.58246e+01,2.79380e+00,2.55482e+00,2.71081e+00,2.59785e+00,2.45537e+00,2.80379e+00,2.73356e+00,2.77904e+00,2.60193e+00,2.56078e+00
625,6.31041e-01,1.57839e+01,2.76734e+00,2.55475e+00,2.74411e+00,2.60911e+00,2.45386e+00,2.80536e+00,2.75027e+00,2.75978e+00,2.58756e+00,2.54828e+00
630,6.31041e-01,1.57267e+01,2.72749e+00,2.56311e+00,2.76033e+00,2.62301e+00,2.44884e+00,2.81501e+00,2.75978e+00,2.72787e+00,2.57746e+00,2.52207e+00
635,6.31041e-01,1.56614e+01,2.69707e+00,2.57617e+00,2.76978e+00,2.64711e+00,2.44670e+00,2.80965e+00,2.73522e+00,2.72309e+00,2.59292e+00,2.51767e+00
640,6.31041e-01,1.56467e+01,2.68964e+00,2.59322e+00,2.76680e+00,2.68439e+00,2.44480e+00,2.81542e+00,2.71598e+00,2.74732e+00,2.63132e+00,2.50460e+00
645,6.31041e-01,1.56455e+01,2.69087e+00,2.61112e+00,2.76451e+00,2.72268e+00,2.43811e+00,2.81561e+00,2.71916e+00,2.77965e+00,2.65808e+00,2.50713e+00
650,6.31041e-01,1.57035e+01,2.72916e+00,2.61163e+00,2.75928e+00,2.73557e+00,2.43451e+00,2.82327e+00,2.72481e+00,2.80614e+00,2.67535e+00,2.52990e+00
655,6.31041e-01,1.57626e+01,2.76437e+00,2.60722e+00,2.75278e+00,2.72150e+00,2.43939e+00,2.82631e+00,2.71579e+00,2.83899e+00,2.66952e+00,2.53861e+00
660,6.31041e-01,1.58188e+01,2.79279e+00,2.60320e+00,2.75347e+00,2.67776e+00,2.44701e+00,2.83014e+00,2.71025e+00,2.82883e+00,2.68482e+00,2.54851e+00
665,6.31041e-01,1.58089e+01,2.78889e+00,2.57738e+00,2.73965e+00,2.65909e+00,2.45520e+00,2.84062e+00,2.70789e+00,2.80793e+00,2.69846e+00,2.56065e+00
670,6.31041e-01,1.58272e+01,2.79655e+00,2.55499e+00,2.73242e+00,2.64465e+00,2.46809e+00,2.85356e+00,2.73981e+00,2.79169e+00,2.71172e+00,2.57148e+00
675,6.31041e-01,1.58259e+01,2.79924e+00,2.56572e+00,2.73229e+00,2.62282e+00,2.47846e+00,2.85545e+00,2.77763e+00,2.77452e+00,2.74210e+00,2.56517e+00
680,6.31041e-01,1.57775e+01,2.77941e+00,2.56662e+00,2.73431e+00,2.59554e+00,2.47957e+00,2.83228e+00,2.79730e+00,2.76599e+00,2.75656e+00,2.57469e+00
685,6.31041e-01,1.57308e+01,2.75242e+00,2.57556e+00,2.74014e+00,2.58740e+00,2.47704e+00,2.80803e+00,2.81983e+00,2.79892e+00,2.73273e+00,2.58228e+00
690,6.31041e-01,1.56925e+01,2.72601e+00,2.58485e+00,2.74139e+00,2.60186e+00,2.47629e+00,2.77862e+00,2.83796e+00,2.84961e+00,2.72170e+00,2.57799e+00
695,6.31041e-01,1.56565e+01,2.70446e+00,2.57947e+00,2.73911e+00,2.62900e+00,2.47499e+00,2.75686e+00,2.85274e+00,2.87442e+00,2.70397e+00,2.57187e+00
700,6.31041e-01,1.56395e+01,2.69558e+00,2.57209e+00,2.72206e+00,2.66930e+00,2.47974e+00,2.74959e+00,2.83244e+00,2.91936e+00,2.70934e+00,2.55747e+00
705,6.31041e-01,1.56499e+01,2.70075e+00,2.56756e+00,2.72020e+00,2.70198e+00,2.47671e+00,2.75187e+00,2.78136e+00,2.90315e+00,2.72398e+00,2.54197e+00
710,6.31041e-01,1.56908e+01,2.71929e+00,2.56240e+00,2.72590e+00,2.70147e+00,2.47349e+00,2.76892e+00,2.74285e+00,2.89225e+00,2.72588e+00,2.53377e+00
715,6.31041e-01,1.57599e+01,2.75673e+00,2.55310e+00,2.73453e+00,2.68326e+00,2.46505e+00,2.77936e+00,2.75731e+00,2.85764e+00,2.72143e+00,2.53899e+00
720,6.31041e-01,1.57525e+01,2.76391e+00,2.54644e+00,2.73888e+00,2.67412e+00,2.45593e+00,2.78006e+00,2.76440e+00,2.85092e+00,2.70939e+00,2.54466e+00
725,6.31041e-01,1.61165e+01,2.80664e+00,2.55239e+00,2.73458e+00,2.66431e+00,2.45214e+00,2.78726e+00,2.77893e+00,2.78992e+00,2.67898e+00,2.54667e+00
730,6.31041e-01,1.61546e+01,2.88914e+00,2.55963e+00,2.74301e+00,2.67519e+00,2.45593e+00,2.81375e+00,2.80334e+00,2.73831e+00,2.66370e+00,2.54056e+00
735,6.31041e-01,1.66386e+01,3.04231e+00,2.56810e+00,2.74792e+00,2.68331e+00,2.45787e+00,2.83604e+00,2.79389e+00,2.72700e+00,2.63399e+00,2.53847e+00
740,6.31041e-01,1.70412e+01,3.14121e+00,2.57631e+00,2.74341e+00,2.66634e+00,2.45374e+00,2.88420e+00,2.77902e+00,2.74043e+00,2.62016e+00,2.54191e+00
745,6.31041e-01,1.67907e+01,3.06360e+00,2.59243e+00,2.72319e+00,2.64809e+00,2.44985e+00,2.91088e+00,2.74588e+00,2.75133e+00,2.61815e+00,2.52939e+00
750,6.31041e-01,1.66387e+01,3.00081e+00,2.60580e+00,2.70998e+00,2.63832e+00,2.44662e+00,2.89336e+00,2.72711e+00,2.74968e+00,2.62273e+00,2.50932e+00
755,6.31041e-01,1.64204e+01,2.93635e+00,2.61867e+00,2.68640e+00,2.65241e+00,2.44667e+00,2.86434e+00,2.72691e+00,2.74038e+00,2.61753e+00,2.50792e+00
760,6.31041e-01,1.62201e+01,2.88121e+00,2.60659e+00,2.69708e+00,2.65727e+00,2.44305e+00,2.85147e+00,2.74951e+00,2.74031e+00,2.61669e+00,2.52218e+00
765,6.31041e-01,1.60489e+01,2.83241e+00,2.58668e+00,2.71587e+00,2.69753e+00,2.44099e+00,2.85207e+00,2.75907e+00,2.74417e+00,2.59700e+00,2.53255e+00
770,6.31041e-01,1.59308e+01,2.79745e+00,2.56564e+00,2.74398e+00,2.76395e+00,2.43392e+00,2.86769e+00,2.74352e+00,2.73042e+00,2.58882e+00,2.53950e+00
775,6.31041e-01,1.58332e+01,2.76620e+00,2.57037e+00,2.76056e+00,2.79070e+00,2.42992e+00,2.85453e+00,2.72321e+00,2.75553e+00,2.58524e+00,2.53441e+00
780,6.31041e-01,1.57745e+01,2.74907e+00,2.58028e+00,2.77157e+00,2.76453e+00,2.43139e+00,2.84559e+00,2.70050e+00,2.78032e+00,2.57965e+00,2.51200e+00
785,6.31041e-01,1.57227e+01,2.73256e+00,2.59073e+00,2.81920e+00,2.72940e+00,2.43865e+00,2.81473e+00,2.68660e+00,2.78284e+00,2.60558e+00,2.50197e+00
790,6.31041e-01,1.56921e+01,2.72306e+00,2.59084e+00,2.86112e+00,2.71632e+00,2.44715e+00,2.78510e+00,2.68206e+00,2.79107e+00,2.65509e+00,2.50529e+00
795,6.31041e-01,1.56831e+01,2.72404e+00,2.58201e+00,2.87717e+00,2.71265e+00,2.44859e+00,2.77017e+00,2.68663e+00,2.79921e+00,2.69201e+00,2.51107e+00
800,6.31041e-01,1.56984e+01,2.73512e+00,2.56311e+00,2.87924e+00,2.69362e+00,2.44804e+00,2.75262e+00,2.69464e+00,2.76096e+00,2.70406e+00,2.51274e+00
805,6.31041e-01,1.57157e+01,2.74395e+00,2.55047e+00,2.87038e+00,2.67025e+00,2.44925e+00,2.73677e+00,2.71735e+00,2.72791e+00,2.69680e+00,2.51039e+00
810,6.31041e-01,1.57002e+01,2.73506e+00,2.55906e+00,2.83150e+00,2.65163e+00,2.44683e+00,2.73303e+00,2.70805e+00,2.70992e+00,2.67623e+00,2.52567e+00
815,6.31041e-01,1.56703e+01,2.71866e+00,2.60048e+00,2.78891e+00,2.63177e+00,2.44534e+00,2.76090e+00,2.69348e+00,2.70659e+00,2.67630e+00,2.54708e+00
820,6.31041e-01,1.56422e+01,2.69997e+00,2.63781e+00,2.77089e+00,2.60234e+00,2.44758e+00,2.78788e+00,2.67755e+00,2.72731e+00,2.67082e+00,2.56773e+00
825,6.31041e-01,1.56283e+01,2.68198e+00,2.66024e+00,2.75745e+00,2.60163e+00,2.44747e+00,2.82276e+00,2.68232e+00,2.75651e+00,2.66618e+00,2.55008e+00
830,6.31041e-01,1.56354e+01,2.68571e+00,2.68230e+00,2.73524e+00,2.58039e+00,2.44574e+00,2.84239e+00,2.69561e+00,2.72677e+00,2.68200e+00,2.53240e+00
835,6.31041e-01,1.56616e+01,2.70307e+00,2.69605e+00,2.71377e+00,2.57262e+00,2.44396e+00,2.85638e+00,2.70989e+00,2.69848e+00,2.69746e+00,2.52103e+00
840,6.31041e-01,1.56674e+01,2.70833e+00,2.66685e+00,2.70609e+00,2.57241e+00,2.44588e+00,2.85775e+00,2.73130e+00,2.70812e+00,2.69750e+00,2.52082e+00
845,6.31041e-01,1.56639e+01,2.70290e+00,2.66574e+00,2.71975e+00,2.57799e+00,2.44698e+00,2.83230e+00,2.76017e+00,2.72895e+00,2.70951e+00,2.53282e+00
850,6.31041e-01,1.56803e+01,2.70747e+00,2.66470e+00,2.74112e+00,2.58963e+00,2.45255e+00,2.79023e+00,2.78725e+00,2.76044e+00,2.73260e+00,2.54489e+00
855,6.31041e-01,1.57243e+01,2.72862e+00,2.65450e+00,2.74332e+00,2.59752e+00,2.45428e+00,2.76133e+00,2.80568e+00,2.78219e+00,2.74061e+00,2.55896e+00
860,6.31041e-01,1.57549e+01,2.74318e+00,2.63979e+00,2.75136e+00,2.59864e+00,2.45780e+00,2.79619e+00,2.80518e+00,2.77553e+00,2.73910e+00,2.55724e+00
865,6.31041e-01,1.57867e+01,2.75590e+00,2.62069e+00,2.77282e+00,2.60443e+00,2.46169e+00,2.80488e+00,2.80185e+00,2.76569e+00,2.73267e+00,2.55912e+00
870,6.31041e-01,1.57965e+01,2.76180e+00,2.60403e+00,2.78332e+00,2.62535e+00,2.46710e+00,2.84883e+00,2.80663e+00,2.77189e+00,2.70453e+00,2.55342e+00
875,6.31041e-01,1.57698e+01,2.74356e+00,2.58844e+00,2.76423e+00,2.63731e+00,2.47628e+00,2.90549e+00,2.79623e+00,2.80441e+00,2.69494e+00,2.54105e+00
880,6.31041e-01,1.57127e+01,2.72194e+00,2.57437e+00,2.73616e+00,2.64139e+00,2.47929e+00,2.94699e+00,2.76101e+00,2.82676e+00,2.69641e+00,2.52671e+00
885,6.31041e-01,1.56940e+01,2.71917e+00,2.56241e+00,2.71800e+00,2.67744e+00,2.47513e+00,2.97983e+00,2.73114e+00,2.83407e+00,2.68561e+00,2.51377e+00
890,6.31041e-01,1.57044e+01,2.72863e+00,2.57166e+00,2.70456e+00,2.79089e+00,2.47450e+00,2.95903e+00,2.72984e+00,2.79120e+00,2.67374e+00,2.51485e+00
895,6.31041e-01,1.57517e+01,2.75504e+00,2.58226e+00,2.70819e+00,2.83160e+00,2.46664e+00,2.92582e+00,2.74814e+00,2.73572e+00,2.65541e+00,2.52776e+00
900,6.31041e-01,1.57702e+01,2.76546e+00,2.57908e+00,2.71262e+00,2.81957e+00,2.45870e+00,2.89068e+00,2.74360e+00,2.69839e+00,2.64774e+00,2.53618e+00
905,6.31041e-01,1.57705e+01,2.76558e+00,2.58923e+00,2.71577e+00,2.77602e+00,2.45339e+00,2.85174e+00,2.74887e+00,2.69322e+00,2.66059e+00,2.53533e+00
910,6.31041e-01,1.57834e+01,2.77020e+00,2.58864e+00,2.70633e+00,2.74090e+00,2.45604e+00,2.84673e+00,2.77289e+00,2.70445e+00,2.68943e+00,2.51924e+00
915,6.31041e-01,1.57806e+01,2.76654e+00,2.56769e+00,2.71177e+00,2.72189e+00,2.45702e+00,2.85800e+00,2.77543e+00,2.73029e+00,2.69526e+00,2.51675e+00
920,6.31041e-01,1.57561e+01,2.75202e+00,2.55711e+00,2.70256e+00,2.70786e+00,2.45972e+00,2.85007e+00,2.76417e+00,2.76747e+00,2.69276e+00,2.53399e+00
925,6.31041e-01,1.57131e+01,2.72912e+00,2.56025e+00,2.68664e+00,2.68968e+00,2.46301e+00,2.81795e+00,2.74984e+00,2.80750e+00,2.69617e+00,2.54802e+00
930,6.31041e-01,1.56664e+01,2.70059e+00,2.55446e+00,2.67289e+00,2.67573e+00,2.46100e+00,2.80275e+00,2.74766e+00,2.82401e+00,2.70393e+00,2.54034e+00
935,6.31041e-01,1.56393e+01,2.68440e+00,2.56600e+00,2.67564e+00,2.66190e+00,2.45375e+00,2.80021e+00,2.75405e+00,2.81523e+00,2.68751e+00,2.55080e+00
940,6.31041e-01,1.56271e+01,2.67235e+00,2.59851e+00,2.69374e+00,2.66648e+00,2.45011e+00,2.82050e+00,2.76526e+00,2.80663e+00,2.67161e+00,2.55794e+00
945,6.31041e-01,1.56193e+01,2.66916e+00,2.59994e+00,2.70970e+00,2.67926e+00,2.45056e+00,2.86342e+00,2.77401e+00,2.81691e+00,2.65995e+00,2.55846e+00
950,6.31041e-01,1.56055e+01,2.66444e+00,2.59068e+00,2.74179e+00,2.67702e+00,2.45511e+00,2.89758e+00,2.75175e+00,2.81470e+00,2.65359e+00,2.55698e+00
955,6.31041e-01,1.56145e+01,2.67300e+00,2.58454e+00,2.74980e+00,2.69307e+00,2.45274e+00,2.94737e+00,2.74259e+00,2.76105e+00,2.64872e+00,2.55703e+00
960,6.31041e-01,1.56256e+01,2.68306e+00,2.57995e+00,2.74697e+00,2.70829e+00,2.45279e+00,2.95061e+00,2.75060e+00,2.74419e+00,2.66076e+00,2.55488e+00
965,6.31041e-01,1.56393e+01,2.69424e+00,2.58183e+00,2.73479e+00,2.70917e+00,2.46507e+00,2.90369e+00,2.75648e+00,2.70786e+00,2.66875e+00,2.58099e+00
970,6.31041e-01,1.56831e+01,2.72101e+00,2.58872e+00,2.73351e+00,2.69506e+00,2.47615e+00,2.86630e+00,2.75636e+00,2.70516e+00,2.65481e+00,2.59680e+00
975,6.31041e-01,1.57421e+01,2.75209e+00,2.59548e+00,2.71238e+00,2.69484e+00,2.47546e+00,2.83250e+00,2.74821e+00,2.72363e+00,2.64073e+00,2.60789e+00
980,6.31041e-01,1.58091e+01,2.78305e+00,2.60187e+00,2.68638e+00,2.69565e+00,2.46676e+00,2.81018e+00,2.73085e+00,2.76071e+00,2.64497e+00,2.58044e+00
985,6.31041e-01,1.57871e+01,2.77046e+00,2.60093e+00,2.67195e+00,2.68197e+00,2.45644e+00,2.80210e+00,2.73934e+00,2.78792e+00,2.67048e+00,2.54877e+00
990,6.31041e-01,1.57776e+01,2.76150e+00,2.62838e+00,2.67483e+00,2.67149e+00,2.45282e+00,2.77309e+00,2.74095e+00,2.80875e+00,2.68580e+00,2.52921e+00
995,6.31041e-01,1.57908e+01,2.76345e+00,2.64915e+00,2.67486e+00,2.67862e+00,2.45376e+00,2.73269e+00,2.72979e+00,2.83132e+00,2.68725e+00,2.51588e+00
1000,6.31041e-01,1.57729e+01,2.75048e+00,2.64045e+00,2.67296e+00,2.69388e+00,2.45793e+00,2.70890e+00,2.70924e+00,2.84222e+00,2.70292e+00,2.52408e+00
1005,6.31041e-01,1.57679e+01,2.74729e+00,2.63212e+00,2.67548e+00,2.69454e+00,2.46022e+00,2.70911e+00,2.70896e+00,2.83558e+00,2.70404e+00,2.52947e+00
1010,6.31041e-01,1.57693e+01,2.74851e+00,2.62588e+00,2.67461e+00,2.69292e+00,2.46016e+00,2.71161e+00,2.70604e+00,2.83266e+00,2.70407e+00,2.53062e+00
1015,6.31041e-01,1.57704e+01,2.74899e+00,2.62205e+00,2.67468e+00,2.69187e+00,2.45989e+00,2.71683e+00,2.70572e+00,2.83018e+00,2.70388e+00,2.53064e+00
1020,6.31041e-01,1.57638e+01,2.74584e+00,2.61996e+00,2.67510e+00,2.68967e+00,2.46022e+00,2.72149e+00,2.70800e+00,2.82703e+00,2.70515e+00,2.53032e+00
1025,6.31041e-01,1.57586e+01,2.74412e+00,2.61597e+00,2.67570e+00,2.68770e+00,2.45989e+00,2.72608e+00,2.70976e+00,2.82633e+00,2.70521e+00,2.52986e+00
1030,6.31041e-01,1.57530e+01,2.74288e+00,2.61282e+00,2.67554e+00,2.68560e+00,2.45954e+00,2.72822e+00,2.71210e+00,2.82594e+00,2.70416e+00,2.52945e+00
1035,6.31041e-01,1.57493e+01,2.74153e+00,2.60865e+00,2.67594e+00,2.68378e+00,2.45861e+00,2.73180e+00,2.71401e+00,2.82572e+00,2.70366e+00,2.52724e+00
1040,6.31041e-01,1.57447e+01,2.73900e+00,2.60444e+00,2.67630e+00,2.68333e+00,2.45865e+00,2.73436e+00,2.71817e+00,2.82374e+00,2.70196e+00,2.52650e+00
1045,6.31041e-01,1.57418e+01,2.73829e+00,2.60124e+00,2.67737e+00,2.68516e+00,2.45898e+00,2.73844e+00,2.72532e+00,2.82294e+00,2.69869e+00,2.52712e+00
1050,6.31041e-01,1.57415e+01,2.73910e+00,2.59834e+00,2.67948e+00,2.68586e+00,2.45877e+00,2.74298e+00,2.73206e+00,2.82105e+00,2.69552e+00,2.52726e+00
1055,6.31041e-01,1.57448e+01,2.74231e+00,2.59560e+00,2.68234e+00,2.68602e+00,2.45806e+00,2.74787e+00,2.73458e+00,2.81758e+00,2.69568e+00,2.52686e+00
1060,6.31041e-01,1.57482e+01,2.74551e+00,2.59282e+00,2.68449e+00,2.68471e+00,2.45811e+00,2.75270e+00,2.73596e+00,2.81353e+00,2.69587e+00,2.52696e+00
1065,6.31041e-01,1.57473e+01,2.74634e+00,2.59116e+00,2.68689e+00,2.68232e+00,2.45829e+00,2.75467e+00,2.73513e+00,2.80831e+00,2.69604e+00,2.52805e+00
1070,6.31041e-01,1.57417e+01,2.74472e+00,2.58993e+00,2.68866e+00,2.67895e+00,2.45849e+00,2.75966e+00,2.73324e+00,2.80300e+00,2.69455e+00,2.52831e+00
1075,6.31041e-01,1.57407e+01,2.74522e+00,2.58937e+00,2.68947e+00,2.67808e+00,2.45860e+00,2.76522e+00,2.73068e+00,2.79914e+00,2.69281e+00,2.53008e+00
1080,6.31041e-01,1.57389e+01,2.74543e+00,2.58830e+00,2.68927e+00,2.67657e+00,2.45865e+00,2.77066e+00,2.72831e+00,2.79544e+00,2.69261e+00,2.53103e+00
1085,6.31041e-01,1.57367e+01,2.74537e+00,2.58728e+00,2.68972e+00,2.67451e+00,2.45826e+00,2.77500e+00,2.72936e+00,2.79362e+00,2.69084e+00,2.53235e+00
1090,6.31041e-01,1.57338e+01,2.74472e+00,2.58589e+00,2.69074e+00,2.67311e+00,2.45747e+00,2.77960e+00,2.72896e+00,2.79173e+00,2.69017e+00,2.53437e+00
1095,6.31041e-01,1.57312e+01,2.74376e+00,2.58487e+00,2.69266e+00,2.67252e+00,2.45684e+00,2.78481e+00,2.73015e+00,2.78760e+00,2.68764e+00,2.53571e+00
1100,6.31041e-01,1.57277e+01,2.74212e+00,2.58563e+00,2.69271e+00,2.67287e+00,2.45632e+00,2.78853e+00,2.73320e+00,2.78091e+00,2.68500e+00,2.53658e+00
1105,6.31041e-01,1.57237e+01,2.73996e+00,2.58698e+00,2.69288e+00,2.67334e+00,2.45579e+00,2.79209e+00,2.73743e+00,2.77385e+00,2.68356e+00,2.53741e+00
1110,6.31041e-01,1.57254e+01,2.74104e+00,2.59002e+00,2.69264e+00,2.67280e+00,2.45500e+00,2.79461e+00,2.73883e+00,2.76804e+00,2.68202e+00,2.53721e+00
1115,6.31041e-01,1.57288e+01,2.74294e+00,2.59047e+00,2.69391e+00,2.67044e+00,2.45463e+00,2.79731e+00,2.73889e+00,2.76227e+00,2.68139e+00,2.53821e+00
1120,6.31041e-01,1.57298e+01,2.74362e+00,2.59056e+00,2.69541e+00,2.66859e+00,2.45401e+00,2.79925e+00,2.73701e+00,2.75888e+00,2.68293e+00,2.53863e+00
1125,6.31041e-01,1.57297e+01,2.74358e+00,2.59009e+00,2.69853e+00,2.66805e+00,2.45397e+00,2.80040e+00,2.73431e+00,2.75702e+00,2.68491e+00,2.53833e+00
1130,6.31041e-01,1.57309e+01,2.74466e+00,2.58890e+00,2.70288e+00,2.66658e+00,2.45408e+00,2.80216e+00,2.73179e+00,2.75474e+00,2.68611e+00,2.53994e+00
1135,6.31041e-01,1.57296e+01,2.74415e+00,2.58845e+00,2.70680e+00,2.66468e+00,2.45366e+00,2.80467e+00,2.73264e+00,2.75338e+00,2.68672e+00,2.54208e+00
1140,6.31041e-01,1.57280e+01,2.74305e+00,2.58941e+00,2.71092e+00,2.66385e+00,2.45342e+00,2.80670e+00,2.73343e+00,2.75338e+00,2.68591e+00,2.54200e+00
1145,6.31041e-01,1.57261e+01,2.74204e+00,2.59049e+00,2.71399e+00,2.66415e+00,2.45221e+00,2.80872e+00,2.73192e+00,2.75305e+00,2.68615e+00,2.53971e+00
1150,6.31041e-01,1.57248e+01,2.74108e+00,2.59115e+00,2.71522e+00,2.66337e+00,2.45293e+00,2.81027e+00,2.73024e+00,2.75512e+00,2.68654e+00,2.53981e+00
1155,6.31041e-01,1.57262e+01,2.74148e+00,2.59007e+00,2.71699e+00,2.66216e+00,2.45414e+00,2.81384e+00,2.72954e+00,2.75446e+00,2.68664e+00,2.53986e+00
1160,6.31041e-01,1.57255e+01,2.74115e+00,2.58922e+00,2.71842e+00,2.66181e+00,2.45459e+00,2.81747e+00,2.72981e+00,2.75431e+00,2.68771e+00,2.53761e+00
1165,6.31041e-01,1.57263e+01,2.74166e+00,2.59068e+00,2.71945e+00,2.66303e+00,2.45399e+00,2.82113e+00,2.73224e+00,2.75274e+00,2.68691e+00,2.53803e+00
1170,6.31041e-01,1.57256e+01,2.74132e+00,2.59143e+00,2.72105e+00,2.66490e+00,2.45374e+00,2.82260e+00,2.73656e+00,2.75320e+00,2.68562e+00,2.53838e+00
1175,6.31041e-01,1.57252e+01,2.74105e+00,2.59189e+00,2.72210e+00,2.66653e+00,2.45454e+00,2.82356e+00,2.73848e+00,2.75240e+00,2.68408e+00,2.54000e+00
1180,6.31041e-01,1.57206e+01,2.73871e+00,2.59390e+00,2.72257e+00,2.66759e+00,2.45563e+00,2.82501e+00,2.73660e+00,2.75286e+00,2.68304e+00,2.54209e+00
1185,6.31041e-01,1.57146e+01,2.73592e+00,2.59508e+00,2.72232e+00,2.66837e+00,2.45621e+00,2.82618e+00,2.73371e+00,2.75529e+00,2.68303e+00,2.54159e+00
1190,6.31041e-01,1.57102e+01,2.73389e+00,2.59534e+00,2.72312e+00,2.66867e+00,2.45614e+00,2.82724e+00,2.73133e+00,2.75902e+00,2.68440e+00,2.54059e+00
1195,6.31041e-01,1.57114e+01,2.73485e+00,2.59608e+00,2.72265e+00,2.66900e+00,2.45590e+00,2.82915e+00,2.73185e+00,2.76094e+00,2.68475e+00,2.54005e+00
1200,6.31041e-01,1.57125e+01,2.73578e+00,2.59571e+00,2.72218e+00,2.67120e+00,2.45550e+00,2.83275e+00,2.73196e+00,2.76324e+00,2.68287e+00,2.53982e+00
1205,6.31041e-01,1.57141e+01,2.73688e+00,2.59602e+00,2.71994e+00,2.67301e+00,2.45568e+00,2.83565e+00,2.73013e+00,2.76592e+00,2.68209e+00,2.53981e+00
1210,6.31041e-01,1.57131e+01,2.73656e+00,2.59621e+00,2.71655e+00,2.67312e+00,2.45531e+00,2.83741e+00,2.72979e+00,2.76572e+00,2.68160e+00,2.53994e+00
1215,6.31041e-01,1.57109e+01,2.73551e+00,2.59571e+00,2.71475e+00,2.67143e+00,2.45452e+00,2.83813e+00,2.72982e+00,2.76464e+00,2.68085e+00,2.54024e+00
1220,6.31041e-01,1.57093e+01,2.73449e+00,2.59567e+00,2.71194e+00,2.66892e+00,2.45467e+00,2.83946e+00,2.72939e+00,2.76376e+00,2.68302e+00,2.54023e+00
1225,6.31041e-01,1.57090e+01,2.73425e+00,2.59572e+00,2.70843e+00,2.66678e+00,2.45513e+00,2.84131e+00,2.72912e+00,2.76249e+00,2.68482e+00,2.53947e+00
1230,6.31041e-01,1.57077e+01,2.73367e+00,2.59407e+00,2.70608e+00,2.66552e+00,2.45506e+00,2.84235e+00,2.72797e+00,2.76102e+00,2.68789e+00,2.53910e+00
1235,6.31041e-01,1.57089e+01,2.73439e+00,2.59122e+00,2.70460e+00,2.66360e+00,2.45514e+00,2.84217e+00,2.72838e+00,2.76012e+00,2.68901e+00,2.53857e+00
1240,6.31041e-01,1.57096e+01,2.73460e+00,2.58774e+00,2.70410e+00,2.66028e+00,2.45546e+00,2.84027e+00,2.72882e+00,2.75861e+00,2.68877e+00,2.53895e+00
1245,6.31041e-01,1.57182e+01,2.73906e+00,2.58452e+00,2.70253e+00,2.65810e+00,2.45592e+00,2.83698e+00,2.72951e+00,2.75846e+00,2.68727e+00,2.54046e+00
1250,6.31041e-01,1.57243e+01,2.74238e+00,2.58246e+00,2.70270e+00,2.65671e+00,2.45608e+00,2.83473e+00,2.73055e+00,2.75858e+00,2.68592e+00,2.54282e+00
1255,6.31041e-01,1.57268e+01,2.74389e+00,2.58120e+00,2.70221e+00,2.65631e+00,2.45551e+00,2.83369e+00,2.73103e+00,2.75486e+00,2.68430e+00,2.54590e+00
1260,6.31041e-01,1.57299e+01,2.74548e+00,2.58036e+00,2.70113e+00,2.65527e+00,2.45533e+00,2.83415e+00,2.72913e+00,2.75330e+00,2.68223e+00,2.54866e+00
1265,6.31041e-01,1.57377e+01,2.74937e+00,2.57951e+00,2.70150e+00,2.65422e+00,2.45533e+00,2.83241e+00,2.72816e+00,2.75569e+00,2.68117e+00,2.55161e+00
1270,6.31041e-01,1.57427e+01,2.75150e+00,2.57838e+00,2.70264e+00,2.65195e+00,2.45561e+00,2.83019e+00,2.73017e+00,2.76048e+00,2.67776e+00,2.55330e+00
1275,6.31041e-01,1.57427e+01,2.75094e+00,2.57890e+00,2.70362e+00,2.65076e+00,2.45557e+00,2.82920e+00,2.73269e+00,2.76331e+00,2.67497e+00,2.55472e+00
1280,6.31041e-01,1.57421e+01,2.74983e+00,2.57929e+00,2.70513e+00,2.65179e+00,2.45535e+00,2.82979e+00,2.73547e+00,2.76619e+00,2.67273e+00,2.55624e+00
1285,6.31041e-01,1.57427e+01,2.74960e+00,2.57974e+00,2.70556e+00,2.65174e+00,2.45501e+00,2.83185e+00,2.73935e+00,2.76684e+00,2.67180e+00,2.55635e+00
1290,6.31041e-01,1.57429e+01,2.74944e+00,2.58175e+00,2.70707e+00,2.65285e+00,2.45435e+00,2.83414e+00,2.74117e+00,2.76655e+00,2.67177e+00,2.55643e+00
1295,6.31041e-01,1.57440e+01,2.74975e+00,2.58253e+00,2.70779e+00,2.65487e+00,2.45328e+00,2.83558e+00,2.74291e+00,2.76444e+00,2.67242e+00,2.55619e+00
1300,6.31041e-01,1.57442e+01,2.74998e+00,2.58235e+00,2.70759e+00,2.65586e+00,2.45227e+00,2.83787e+00,2.74498e+00,2.76319e+00,2.67293e+00,2.55432e+00
1305,6.31041e-01,1.57436e+01,2.74966e+00,2.58268e+00,2.70728e+00,2.65699e+00,2.45155e+00,2.83802e+00,2.74598e+00,2.76499e+00,2.67420e+00,2.55214e+00
1310,6.31041e-01,1.57418e+01,2.74880e+00,2.58184e+00,2.70748e+00,2.65690e+00,2.45125e+00,2.83791e+00,2.74843e+00,2.76820e+00,2.67508e+00,2.54974e+00
1315,6.31041e-01,1.57418e+01,2.74911e+00,2.58184e+00,2.70591e+00,2.65636e+00,2.45119e+00,2.83798e+00,2.74852e+00,2.76951e+00,2.67507e+00,2.54698e+00
1320,6.31041e-01,1.57362e+01,2.74628e+00,2.58203e+00,2.70415e+00,2.65545e+00,2.45125e+00,2.83894e+00,2.74796e+00,2.76791e+00,2.67463e+00,2.54546e+00
1325,6.31041e-01,1.57337e+01,2.74479e+00,2.58217e+00,2.70325e+00,2.65548e+00,2.45162e+00,2.83975e+00,2.74680e+00,2.76807e+00,2.67373e+00,2.54476e+00
1330,6.31041e-01,1.57317e+01,2.74351e+00,2.58121e+00,2.70365e+00,2.65537e+00,2.45227e+00,2.84148e+00,2.74369e+00,2.77027e+00,2.67325e+00,2.54403e+00
1335,6.31041e-01,1.57296e+01,2.74206e+00,2.58016e+00,2.70436e+00,2.65507e+00,2.45201e+00,2.84219e+00,2.73965e+00,2.77347e+00,2.67449e+00,2.54176e+00
1340,6.31041e-01,1.57274e+01,2.74100e+00,2.57968e+00,2.70274e+00,2.65319e+00,2.45181e+00,2.84286e+00,2.73710e+00,2.77503e+00,2.67607e+00,2.54062e+00
1345,6.31041e-01,1.57242e+01,2.73954e+00,2.58032e+00,2.70164e+00,2.65123e+00,2.45214e+00,2.84507e+00,2.73532e+00,2.77715e+00,2.67595e+00,2.53896e+00
1350,6.31041e-01,1.57219e+01,2.73869e+00,2.58132e+00,2.70156e+00,2.65027e+00,2.45222e+00,2.84586e+00,2.73307e+00,2.78009e+00,2.67301e+00,2.53800e+00
1355,6.31041e-01,1.57179e+01,2.73663e+00,2.58105e+00,2.70189e+00,2.64958e+00,2.45216e+00,2.84817e+00,2.73112e+00,2.78228e+00,2.66895e+00,2.53696e+00
1360,6.31041e-01,1.57162e+01,2.73536e+00,2.57986e+00,2.70308e+00,2.64913e+00,2.45182e+00,2.85287e+00,2.72921e+00,2.78324e+00,2.66602e+00,2.53848e+00
1365,6.31041e-01,1.57151e+01,2.73444e+00,2.57993e+00,2.70301e+00,2.64799e+00,2.45097e+00,2.85626e+00,2.72885e+00,2.78392e+00,2.66398e+00,2.54047e+00
1370,6.31041e-01,1.57114e+01,2.73261e+00,2.57873e+00,2.70126e+00,2.64450e+00,2.45023e+00,2.85515e+00,2.72774e+00,2.78760e+00,2.66259e+00,2.54096e+00
1375,6.31041e-01,1.57083e+01,2.73130e+00,2.57878e+00,2.70088e+00,2.64145e+00,2.45044e+00,2.85457e+00,2.72730e+00,2.79164e+00,2.66256e+00,2.54271e+00
1380,6.31041e-01,1.57133e+01,2.73439e+00,2.58131e+00,2.70217e+00,2.63909e+00,2.45106e+00,2.85509e+00,2.72870e+00,2.79613e+00,2.66239e+00,2.54556e+00
1385,6.31041e-01,1.57131e+01,2.73440e+00,2.58544e+00,2.70248e+00,2.63730e+00,2.45149e+00,2.85484e+00,2.73072e+00,2.80030e+00,2.66228e+00,2.54626e+00
1390,6.31041e-01,1.57152e+01,2.73525e+00,2.59010e+00,2.70276e+00,2.63626e+00,2.45161e+00,2.85347e+00,2.73182e+00,2.80423e+00,2.66476e+00,2.54637e+00
1395,6.31041e-01,1.57224e+01,2.73890e+00,2.59188e+00,2.70424e+00,2.63633e+00,2.45204e+00,2.85060e+00,2.73221e+00,2.80898e+00,2.66860e+00,2.54612e+00
1400,6.31041e-01,1.57278e+01,2.74163e+00,2.59236e+00,2.70735e+00,2.63645e+00,2.45208e+00,2.84604e+00,2.73380e+00,2.80950e+00,2.67172e+00,2.54627e+00
1405,6.31041e-01,1.57335e+01,2.74454e+00,2.59315e+00,2.71028e+00,2.63499e+00,2.45239e+00,2.84309e+00,2.73437e+00,2.80742e+00,2.67372e+00,2.54559e+00
1410,6.31041e-01,1.57363e+01,2.74613e+00,2.59126e+00,2.71334e+00,2.63481e+00,2.45297e+00,2.84274e+00,2.73719e+00,2.80566e+00,2.67339e+00,2.54511e+00
1415,6.31041e-01,1.57365e+01,2.74585e+00,2.58789e+00,2.71579e+00,2.63481e+00,2.45385e+00,2.84176e+00,2.73785e+00,2.80442e+00,2.67067e+00,2.54505e+00
1420,6.31041e-01,1.57384e+01,2.74621e+00,2.58437e+00,2.71882e+00,2.63543e+00,2.45438e+00,2.83843e+00,2.73902e+00,2.80121e+00,2.67032e+00,2.54506e+00
1425,6.31041e-01,1.57389e+01,2.74609e+00,2.58256e+00,2.72060e+00,2.63635e+00,2.45523e+00,2.83297e+00,2.74115e+00,2.79572e+00,2.67047e+00,2.54471e+00
1430,6.31041e-01,1.57402e+01,2.74671e+00,2.58241e+00,2.72175e+00,2.63929e+00,2.45627e+00,2.83098e+00,2.74538e+00,2.79268e+00,2.67100e+00,2.54433e+00
1435,6.31041e-01,1.57406e+01,2.74651e+00,2.58332e+00,2.72281e+00,2.64319e+00,2.45688e+00,2.83130e+00,2.75000e+00,2.79424e+00,2.67054e+00,2.54323e+00
1440,6.31041e-01,1.57390e+01,2.74496e+00,2.58271e+00,2.72371e+00,2.64664e+00,2.45722e+00,2.83162e+00,2.75126e+00,2.79337e+00,2.66889e+00,2.54212e+00
1445,6.31041e-01,1.57389e+01,2.74427e+00,2.58050e+00,2.72303e+00,2.64854e+00,2.45706e+00,2.83268e+00,2.75153e+00,2.79468e+00,2.66915e+00,2.54099e+00
1450,6.31041e-01,1.57418e+01,2.74558e+00,2.57864e+00,2.72282e+00,2.64937e+00,2.45690e+00,2.83477e+00,2.75311e+00,2.79759e+00,2.66945e+00,2.53976e+00
1455,6.31041e-01,1.57471e+01,2.74820e+00,2.57750e+00,2.72263e+00,2.64665e+00,2.45679e+00,2.83667e+00,2.75288e+00,2.79865e+00,2.66848e+00,2.53840e+00
1460,6.31041e-01,1.57464e+01,2.74788e+00,2.57703e+00,2.72267e+00,2.64544e+00,2.45717e+00,2.83929e+00,2.74930e+00,2.79548e+00,2.66709e+00,2.53719e+00
1465,6.31041e-01,1.57391e+01,2.74438e+00,2.57670e+00,2.72357e+00,2.64653e+00,2.45809e+00,2.84168e+00,2.74638e+00,2.79476e+00,2.66667e+00,2.53688e+00
1470,6.31041e-01,1.57307e+01,2.74024e+00,2.57684e+00,2.72450e+00,2.64853e+00,2.45885e+00,2.84291e+00,2.74424e+00,2.79739e+00,2.66582e+00,2.53681e+00
1475,6.31041e-01,1.57180e+01,2.73416e+00,2.57688e+00,2.72531e+00,2.64825e+00,2.45932e+00,2.84251e+00,2.74526e+00,2.79837e+00,2.66550e+00,2.53696e+00
1480,6.31041e-01,1.57083e+01,2.72976e+00,2.57654e+00,2.72435e+00,2.64775e+00,2.45919e+00,2.84456e+00,2.74692e+00,2.80058e+00,2.66513e+00,2.53606e+00
1485,6.31041e-01,1.57001e+01,2.72595e+00,2.57602e+00,2.72344e+00,2.64751e+00,2.45823e+00,2.84481e+00,2.74650e+00,2.80406e+00,2.66675e+00,2.53609e+00
1490,6.31041e-01,1.56914e+01,2.72193e+00,2.57531e+00,2.72104e+00,2.64868e+00,2.45763e+00,2.84643e+00,2.74604e+00,2.80371e+00,2.66823e+00,2.53489e+00
1495,6.31041e-01,1.56876e+01,2.72011e+00,2.57671e+00,2.72023e+00,2.65049e+00,2.45793e+00,2.84625e+00,2.74579e+00,2.80136e+00,2.66848e+00,2.53471e+00
1500,6.31041e-01,1.56868e+01,2.71970e+00,2.57954e+00,2.71907e+00,2.65314e+00,2.45862e+00,2.84483e+00,2.74690e+00,2.79793e+00,2.66732e+00,2.53592e+00
1505,6.31041e-01,1.56868e+01,2.71977e+00,2.58049e+00,2.71881e+00,2.65358e+00,2.45895e+00,2.84453e+00,2.74776e+00,2.79695e+00,2.66692e+00,2.53622e+00
1510,6.31041e-01,1.56869e+01,2.71985e+00,2.58100e+00,2.71869e+00,2.65376e+00,2.45908e+00,2.84452e+00,2.74815e+00,2.79636e+00,2.66686e+00,2.53600e+00
1515,6.31041e-01,1.56872e+01,2.72003e+00,2.58121e+00,2.71853e+00,2.65390e+00,2.45909e+00,2.84413e+00,2.74828e+00,2.79602e+00,2.66690e+00,2.53579e+00
1520,6.31041e-01,1.56872e+01,2.72004e+00,2.58110e+00,2.71857e+00,2.65413e+00,2.45900e+00,2.84401e+00,2.74860e+00,2.79567e+00,2.66692e+00,2.53572e+00
1525,6.31041e-01,1.56880e+01,2.72052e+00,2.58103e+00,2.71863e+00,2.65435e+00,2.45885e+00,2.84456e+00,2.74891e+00,2.79527e+00,2.66716e+00,2.53572e+00
1530,6.31041e-01,1.56883e+01,2.72075e+00,2.58081e+00,2.71857e+00,2.65476e+00,2.45862e+00,2.84540e+00,2.74879e+00,2.79471e+00,2.66742e+00,2.53562e+00
1535,6.31041e-01,1.56881e+01,2.72079e+00,2.58067e+00,2.71835e+00,2.65533e+00,2.45844e+00,2.84611e+00,2.74771e+00,2.79473e+00,2.66800e+00,2.53576e+00
1540,6.31041e-01,1.56877e+01,2.72073e+00,2.58074e+00,2.71816e+00,2.65495e+00,2.45816e+00,2.84630e+00,2.74690e+00,2.79436e+00,2.66845e+00,2.53590e+00
1545,6.31041e-01,1.56887e+01,2.72136e+00,2.58056e+00,2.71816e+00,2.65457e+00,2.45782e+00,2.84627e+00,2.74644e+00,2.79359e+00,2.66860e+00,2.53615e+00
1550,6.31041e-01,1.56895e+01,2.72184e+00,2.58050e+00,2.71843e+00,2.65476e+00,2.45756e+00,2.84632e+00,2.74599e+00,2.79368e+00,2.66892e+00,2.53660e+00
1555,6.31041e-01,1.56897e+01,2.72194e+00,2.58012e+00,2.71792e+00,2.65484e+00,2.45739e+00,2.84654e+00,2.74612e+00,2.79383e+00,2.66949e+00,2.53713e+00
1560,6.31041e-01,1.56901e+01,2.72215e+00,2.57963e+00,2.71733e+00,2.65502e+00,2.45739e+00,2.84712e+00,2.74586e+00,2.79427e+00,2.67005e+00,2.53735e+00
1565,6.31041e-01,1.56900e+01,2.72209e+00,2.57913e+00,2.71714e+00,2.65503e+00,2.45737e+00,2.84744e+00,2.74570e+00,2.79492e+00,2.67041e+00,2.53751e+00
1570,6.31041e-01,1.56902e+01,2.72219e+00,2.57889e+00,2.71687e+00,2.65542e+00,2.45725e+00,2.84726e+00,2.74570e+00,2.79572e+00,2.67055e+00,2.53809e+00
1575,6.31041e-01,1.56897e+01,2.72198e+00,2.57874e+00,2.71656e+00,2.65566e+00,2.45730e+00,2.84744e+00,2.74551e+00,2.79548e+00,2.67096e+00,2.53836e+00
1580,6.31041e-01,1.56891e+01,2.72172e+00,2.57852e+00,2.71588e+00,2.65595e+00,2.45734e+00,2.84713e+00,2.74539e+00,2.79538e+00,2.67140e+00,2.53875e+00
1585,6.31041e-01,1.56885e+01,2.72145e+00,2.57823e+00,2.71536e+00,2.65636e+00,2.45730e+00,2.84730e+00,2.74556e+00,2.79499e+00,2.67168e+00,2.53877e+00
1590,6.31041e-01,1.56879e+01,2.72116e+00,2.57801e+00,2.71504e+00,2.65672e+00,2.45726e+00,2.84761e+00,2.74528e+00,2.79455e+00,2.67189e+00,2.53848e+00
1595,6.31041e-01,1.56880e+01,2.72116e+00,2.57788e+00,2.71513e+00,2.65700e+00,2.45726e+00,2.84784e+00,2.74513e+00,2.79414e+00,2.67214e+00,2.53811e+00
1600,6.31041e-01,1.56882e+01,2.72124e+00,2.57767e+00,2.71527e+00,2.65732e+00,2.45726e+00,2.84751e+00,2.74506e+00,2.79367e+00,2.67191e+00,2.53824e+00
1605,6.31041e-01,1.56894e+01,2.72195e+00,2.57771e+00,2.71554e+00,2.65748e+00,2.45732e+00,2.84765e+00,2.74491e+00,2.79319e+00,2.67203e+00,2.53871e+00
1610,6.31041e-01,1.56896e+01,2.72204e+00,2.57766e+00,2.71583e+00,2.65797e+00,2.45738e+00,2.84840e+00,2.74489e+00,2.79281e+00,2.67251e+00,2.53890e+00
1615,6.31041e-01,1.56899e+01,2.72227e+00,2.57747e+00,2.71593e+00,2.65847e+00,2.45734e+00,2.84912e+00,2.74470e+00,2.79212e+00,2.67317e+00,2.53909e+00
1620,6.31041e-01,1.56902e+01,2.72251e+00,2.57725e+00,2.71571e+00,2.65908e+00,2.45731e+00,2.84969e+00,2.74401e+00,2.79175e+00,2.67337e+00,2.53924e+00
1625,6.31041e-01,1.56909e+01,2.72294e+00,2.57706e+00,2.71564e+00,2.65931e+00,2.45741e+00,2.85007e+00,2.74388e+00,2.79146e+00,2.67349e+00,2.53932e+00
1630,6.31041e-01,1.56917e+01,2.72346e+00,2.57663e+00,2.71558e+00,2.65975e+00,2.45751e+00,2.85034e+00,2.74371e+00,2.79187e+00,2.67332e+00,2.53946e+00
1635,6.31041e-01,1.56917e+01,2.72345e+00,2.57648e+00,2.71606e+00,2.65977e+00,2.45762e+00,2.85023e+00,2.74304e+00,2.79217e+00,2.67325e+00,2.53937e+00
1640,6.31041e-01,1.56915e+01,2.72347e+00,2.57645e+00,2.71639e+00,2.65967e+00,2.45771e+00,2.84989e+00,2.74311e+00,2.79249e+00,2.67266e+00,2.53892e+00
1645,6.31041e-01,1.56913e+01,2.72341e+00,2.57617e+00,2.71632e+00,2.65964e+00,2.45784e+00,2.84984e+00,2.74338e+00,2.79222e+00,2.67217e+00,2.53819e+00
1650,6.31041e-01,1.56917e+01,2.72373e+00,2.57547e+00,2.71622e+00,2.65997e+00,2.45777e+00,2.84941e+00,2.74340e+00,2.79221e+00,2.67187e+00,2.53761e+00
1655,6.31041e-01,1.56921e+01,2.72401e+00,2.57502e+00,2.71617e+00,2.65977e+00,2.45771e+00,2.84888e+00,2.74332e+00,2.79235e+00,2.67140e+00,2.53733e+00
1660,6.31041e-01,1.56931e+01,2.72465e+00,2.57480e+00,2.71621e+00,2.65918e+00,2.45783e+00,2.84890e+00,2.74305e+00,2.79257e+00,2.67162e+00,2.53734e+00
1665,6.31041e-01,1.56941e+01,2.72525e+00,2.57463e+00,2.71618e+00,2.65873e+00,2.45797e+00,2.84885e+00,2.74331e+00,2.79335e+00,2.67172e+00,2.53735e+00
1670,6.31041e-01,1.56949e+01,2.72576e+00,2.57456e+00,2.71616e+00,2.65887e+00,2.45806e+00,2.84860e+00,2.74309e+00,2.79404e+00,2.67157e+00,2.53758e+00
1675,6.31041e-01,1.56955e+01,2.72612e+00,2.57463e+00,2.71646e+00,2.65890e+00,2.45824e+00,2.84884e+00,2.74290e+00,2.79482e+00,2.67098e+00,2.53780e+00
1680,6.31041e-01,1.56954e+01,2.72612e+00,2.57464e+00,2.71670e+00,2.65895e+00,2.45827e+00,2.84927e+00,2.74346e+00,2.79499e+00,2.67054e+00,2.53822e+00
1685,6.31041e-01,1.56952e+01,2.72605e+00,2.57482e+00,2.71668e+00,2.65837e+00,2.45807e+00,2.84970e+00,2.74416e+00,2.79491e+00,2.67041e+00,2.53886e+00
1690,6.31041e-01,1.56950e+01,2.72595e+00,2.57485e+00,2.71649e+00,2.65799e+00,2.45780e+00,2.84950e+00,2.74476e+00,2.79494e+00,2.67055e+00,2.53958e+00
1695,6.31041e-01,1.56950e+01,2.72593e+00,2.57504e+00,2.71598e+00,2.65738e+00,2.45766e+00,2.84942e+00,2.74454e+00,2.79514e+00,2.67029e+00,2.54030e+00
1700,6.31041e-01,1.56947e+01,2.72580e+00,2.57552e+00,2.71539e+00,2.65723e+00,2.45751e+00,2.84944e+00,2.74442e+00,2.79513e+00,2.66999e+00,2.54038e+00
1705,6.31041e-01,1.56942e+01,2.72558e+00,2.57574e+00,2.71491e+00,2.65715e+00,2.45743e+00,2.84932e+00,2.74427e+00,2.79573e+00,2.66948e+00,2.54033e+00
1710,6.31041e-01,1.56941e+01,2.72555e+00,2.57568e+00,2.71441e+00,2.65702e+00,2.45721e+00,2.84900e+00,2.74422e+00,2.79608e+00,2.66890e+00,2.54046e+00
1715,6.31041e-01,1.56947e+01,2.72590e+00,2.57592e+00,2.71402e+00,2.65693e+00,2.45700e+00,2.84886e+00,2.74380e+00,2.79669e+00,2.66877e+00,2.54021e+00
1720,6.31041e-01,1.56956e+01,2.72640e+00,2.57644e+00,2.71375e+00,2.65649e+00,2.45681e+00,2.84870e+00,2.74294e+00,2.79670e+00,2.66865e+00,2.54025e+00
1725,6.31041e-01,1.56965e+01,2.72690e+00,2.57681e+00,2.71366e+00,2.65609e+00,2.45672e+00,2.84835e+00,2.74263e+00,2.79640e+00,2.66862e+00,2.54020e+00
1730,6.31041e-01,1.56962e+01,2.72668e+00,2.57695e+00,2.71323e+00,2.65589e+00,2.45662e+00,2.84797e+00,2.74234e+00,2.79609e+00,2.66842e+00,2.54000e+00
1735,6.31041e-01,1.56957e+01,2.72628e+00,2.57661e+00,2.71287e+00,2.65597e+00,2.45658e+00,2.84793e+00,2.74229e+00,2.79593e+00,2.66846e+00,2.53970e+00
1740,6.31041e-01,1.56958e+01,2.72624e+00,2.57616e+00,2.71269e+00,2.65611e+00,2.45652e+00,2.84812e+00,2.74189e+00,2.79641e+00,2.66851e+00,2.53964e+00
1745,6.31041e-01,1.56964e+01,2.72653e+00,2.57588e+00,2.71240e+00,2.65614e+00,2.45646e+00,2.84803e+00,2.74097e+00,2.79734e+00,2.66824e+00,2.53978e+00
1750,6.31041e-01,1.56974e+01,2.72702e+00,2.57583e+00,2.71254e+00,2.65618e+00,2.45643e+00,2.84791e+00,2.74026e+00,2.79824e+00,2.66852e+00,2.53974e+00
1755,6.31041e-01,1.56987e+01,2.72771e+00,2.57579e+00,2.71302e+00,2.65602e+00,2.45640e+00,2.84782e+00,2.73995e+00,2.79884e+00,2.66818e+00,2.53929e+00
1760,6.31041e-01,1.57003e+01,2.72853e+00,2.57564e+00,2.71342e+00,2.65603e+00,2.45636e+00,2.84785e+00,2.74044e+00,2.79921e+00,2.66782e+00,2.53866e+00
1765,6.31041e-01,1.57018e+01,2.72933e+00,2.57561e+00,2.71377e+00,2.65637e+00,2.45630e+00,2.84746e+00,2.74066e+00,2.79954e+00,2.66791e+00,2.53816e+00
1770,6.31041e-01,1.57026e+01,2.72977e+00,2.57567e+00,2.71410e+00,2.65681e+00,2.45620e+00,2.84723e+00,2.74061e+00,2.79913e+00,2.66789e+00,2.53781e+00
1775,6.31041e-01,1.57029e+01,2.72997e+00,2.57627e+00,2.71425e+00,2.65677e+00,2.45618e+00,2.84711e+00,2.74055e+00,2.79857e+00,2.66804e+00,2.53761e+00
1780,6.31041e-01,1.57035e+01,2.73031e+00,2.57701e+00,2.71476e+00,2.65615e+00,2.45620e+00,2.84696e+00,2.74096e+00,2.79749e+00,2.66795e+00,2.53782e+00
1785,6.31041e-01,1.57041e+01,2.73068e+00,2.57780e+00,2.71520e+00,2.65582e+00,2.45623e+00,2.84678e+00,2.74180e+00,2.79617e+00,2.66782e+00,2.53816e+00
1790,6.31041e-01,1.57050e+01,2.73117e+00,2.57842e+00,2.71538e+00,2.65559e+00,2.45627e+00,2.84708e+00,2.74219e+00,2.79447e+00,2.66790e+00,2.53829e+00
1795,6.31041e-01,1.57064e+01,2.73197e+00,2.57856e+00,2.71536e+00,2.65567e+00,2.45620e+00,2.84710e+00,2.74285e+00,2.79394e+00,2.66833e+00,2.53865e+00
1800,6.31041e-01,1.57068e+01,2.73224e+00,2.57838e+00,2.71525e+00,2.65591e+00,2.45610e+00,2.84679e+00,2.74344e+00,2.79365e+00,2.66876e+00,2.53877e+00
1805,6.31041e-01,1.57068e+01,2.73219e+00,2.57844e+00,2.71493e+00,2.65590e+00,2.45594e+00,2.84636e+00,2.74385e+00,2.79387e+00,2.66925e+00,2.53883e+00
1810,6.31041e-01,1.57073e+01,2.73247e+00,2.57871e+00,2.71439e+00,2.65586e+00,2.45594e+00,2.84592e+00,2.74375e+00,2.79417e+00,2.66924e+00,2.53879e+00
1815,6.31041e-01,1.57086e+01,2.73319e+00,2.57908e+00,2.71399e+00,2.65554e+00,2.45604e+00,2.84512e+00,2.74297e+00,2.79351e+00,2.66900e+00,2.53887e+00
1820,6.31041e-01,1.57096e+01,2.73381e+00,2.57936e+00,2.71363e+00,2.65508e+00,2.45601e+00,2.84439e+00,2.74219e+00,2.79255e+00,2.66876e+00,2.53909e+00
1825,6.31041e-01,1.57098e+01,2.73404e+00,2.57966e+00,2.71320e+00,2.65499e+00,2.45606e+00,2.84420e+00,2.74133e+00,2.79134e+00,2.66815e+00,2.53915e+00
1830,6.31041e-01,1.57105e+01,2.73446e+00,2.58033e+00,2.71264e+00,2.65508e+00,2.45618e+00,2.84370e+00,2.74078e+00,2.79039e+00,2.66764e+00,2.53900e+00
1835,6.31041e-01,1.57111e+01,2.73482e+00,2.58074e+00,2.71232e+00,2.65523e+00,2.45628e+00,2.84291e+00,2.74093e+00,2.78960e+00,2.66732e+00,2.53875e+00
1840,6.31041e-01,1.57114e+01,2.73497e+00,2.58095e+00,2.71205e+00,2.65550e+00,2.45625e+00,2.84222e+00,2.74094e+00,2.78986e+00,2.66727e+00,2.53838e+00
1845,6.31041e-01,1.57125e+01,2.73559e+00,2.58079e+00,2.71154e+00,2.65560e+00,2.45611e+00,2.84223e+00,2.74046e+00,2.78968e+00,2.66712e+00,2.53762e+00
1850,6.31041e-01,1.57134e+01,2.73611e+00,2.58054e+00,2.71113e+00,2.65569e+00,2.45595e+00,2.84200e+00,2.73943e+00,2.79043e+00,2.66729e+00,2.53675e+00
1855,6.31041e-01,1.57136e+01,2.73631e+00,2.58020e+00,2.71130e+00,2.65552e+00,2.45612e+00,2.84152e+00,2.73925e+00,2.79134e+00,2.66745e+00,2.53628e+00
1860,6.31041e-01,1.57137e+01,2.73645e+00,2.58014e+00,2.71159e+00,2.65519e+00,2.45627e+00,2.84097e+00,2.73946e+00,2.79212e+00,2.66758e+00,2.53592e+00
1865,6.31041e-01,1.57141e+01,2.73672e+00,2.58023e+00,2.71174e+00,2.65493e+00,2.45645e+00,2.84051e+00,2.73968e+00,2.79261e+00,2.66762e+00,2.53579e+00
1870,6.31041e-01,1.57151e+01,2.73731e+00,2.58019e+00,2.71201e+00,2.65448e+00,2.45644e+00,2.84027e+00,2.73967e+00,2.79302e+00,2.66730e+00,2.53576e+00
1875,6.31041e-01,1.57155e+01,2.73754e+00,2.57969e+00,2.71197e+00,2.65457e+00,2.45634e+00,2.84057e+00,2.74007e+00,2.79298e+00,2.66741e+00,2.53567e+00
1880,6.31041e-01,1.57160e+01,2.73788e+00,2.57949e+00,2.71224e+00,2.65482e+00,2.45623e+00,2.84080e+00,2.74008e+00,2.79221e+00,2.66770e+00,2.53547e+00
1885,6.31041e-01,1.57161e+01,2.73801e+00,2.57972e+00,2.71263e+00,2.65508e+00,2.45611e+00,2.84088e+00,2.74014e+00,2.79138e+00,2.66788e+00,2.53531e+00
1890,6.31041e-01,1.57166e+01,2.73835e+00,2.57982e+00,2.71279e+00,2.65505e+00,2.45620e+00,2.84130e+00,2.74026e+00,2.79091e+00,2.66776e+00,2.53479e+00
1895,6.31041e-01,1.57172e+01,2.73863e+00,2.57980e+00,2.71282e+00,2.65519e+00,2.45633e+00,2.84175e+00,2.74019e+00,2.79091e+00,2.66795e+00,2.53420e+00
1900,6.31041e-01,1.57178e+01,2.73896e+00,2.57968e+00,2.71230e+00,2.65533e+00,2.45642e+00,2.84198e+00,2.73996e+00,2.79071e+00,2.66814e+00,2.53421e+00
1905,6.31041e-01,1.57178e+01,2.73902e+00,2.57971e+00,2.71199e+00,2.65546e+00,2.45649e+00,2.84246e+00,2.73896e+00,2.79050e+00,2.66829e+00,2.53473e+00
1910,6.31041e-01,1.57181e+01,2.73923e+00,2.57966e+00,2.71191e+00,2.65567e+00,2.45639e+00,2.84254e+00,2.73830e+00,2.78999e+00,2.66891e+00,2.53527e+00
1915,6.31041e-01,1.57186e+01,2.73948e+00,2.57942e+00,2.71210e+00,2.65546e+00,2.45620e+00,2.84265e+00,2.73837e+00,2.78971e+00,2.66969e+00,2.53592e+00
1920,6.31041e-01,1.57191e+01,2.73971e+00,2.57896e+00,2.71267e+00,2.65505e+00,2.45602e+00,2.84321e+00,2.73890e+00,2.78938e+00,2.66955e+00,2.53641e+00
1925,6.31041e-01,1.57192e+01,2.73981e+00,2.57854e+00,2.71364e+00,2.65501e+00,2.45576e+00,2.84398e+00,2.73903e+00,2.78949e+00,2.66912e+00,2.53683e+00
1930,6.31041e-01,1.57194e+01,2.73991e+00,2.57840e+00,2.71412e+00,2.65497e+00,2.45550e+00,2.84399e+00,2.73939e+00,2.78918e+00,2.66887e+00,2.53735e+00
1935,6.31041e-01,1.57195e+01,2.73995e+00,2.57790e+00,2.71422e+00,2.65483e+00,2.45538e+00,2.84386e+00,2.73999e+00,2.78891e+00,2.66889e+00,2.53781e+00
1940,6.31041e-01,1.57195e+01,2.73991e+00,2.57748e+00,2.71408e+00,2.65471e+00,2.45526e+00,2.84425e+00,2.74086e+00,2.78851e+00,2.66904e+00,2.53792e+00
1945,6.31041e-01,1.57191e+01,2.73978e+00,2.57753e+00,2.71396e+00,2.65463e+00,2.45528e+00,2.84539e+00,2.74183e+00,2.78740e+00,2.66919e+00,2.53799e+00
1950,6.31041e-01,1.57184e+01,2.73944e+00,2.57789e+00,2.71388e+00,2.65517e+00,2.45525e+00,2.84647e+00,2.74254e+00,2.78605e+00,2.66908e+00,2.53799e+00
1955,6.31041e-01,1.57168e+01,2.73856e+00,2.57830e+00,2.71380e+00,2.65535e+00,2.45511e+00,2.84644e+00,2.74313e+00,2.78526e+00,2.66851e+00,2.53777e+00
1960,6.31041e-01,1.57154e+01,2.73786e+00,2.57851e+00,2.71364e+00,2.65533e+00,2.45490e+00,2.84641e+00,2.74416e+00,2.78524e+00,2.66765e+00,2.53764e+00
1965,6.31041e-01,1.57141e+01,2.73714e+00,2.57858e+00,2.71330e+00,2.65534e+00,2.45469e+00,2.84659e+00,2.74481e+00,2.78537e+00,2.66694e+00,2.53759e+00
1970,6.31041e-01,1.57135e+01,2.73689e+00,2.57835e+00,2.71329e+00,2.65518e+00,2.45435e+00,2.84685e+00,2.74552e+00,2.78532e+00,2.66636e+00,2.53764e+00
1975,6.31041e-01,1.57134e+01,2.73690e+00,2.57832e+00,2.71313e+00,2.65532e+00,2.45413e+00,2.84703e+00,2.74590e+00,2.78484e+00,2.66611e+00,2.53780e+00
1980,6.31041e-01,1.57136e+01,2.73701e+00,2.57885e+00,2.71308e+00,2.65513e+00,2.45396e+00,2.84708e+00,2.74654e+00,2.78427e+00,2.66591e+00,2.53761e+00
1985,6.31041e-01,1.57137e+01,2.73708e+00,2.57901e+00,2.71300e+00,2.65461e+00,2.45370e+00,2.84711e+00,2.74711e+00,2.78368e+00,2.66575e+00,2.53749e+00
1990,6.31041e-01,1.57139e+01,2.73720e+00,2.57894e+00,2.71296e+00,2.65433e+00,2.45343e+00,2.84727e+00,2.74726e+00,2.78313e+00,2.66564e+00,2.53760e+00
1995,6.31041e-01,1.57139e+01,2.73721e+00,2.57855e+00,2.71301e+00,2.65378e+00,2.45326e+00,2.84717e+00,2.74739e+00,2.78286e+00,2.66585e+00,2.53780e+00
2000,6.31041e-01,1.57139e+01,2.73729e+00,2.57855e+00,2.71353e+00,2.65367e+00,2.45325e+00,2.84716e+00,2.74711e+00,2.78280e+00,2.66650e+00,2.53807e+00
